"x","y","MPA_1","MPA_2","MPA_3","MPA_4","MPA_5","MPA_6","MPA_7","MPA_8","MPA_9","MPA_10"
-88.465,18.435,NA,NA,NA,NA,NA,NA,NA,NA,NA,NA
-88.395,18.435,NA,NA,NA,NA,NA,NA,NA,NA,NA,NA
-88.325,18.435,NA,NA,NA,NA,NA,NA,NA,NA,NA,NA
-88.255,18.435,NA,NA,NA,NA,NA,NA,NA,NA,NA,NA
-88.185,18.435,NA,NA,NA,NA,NA,NA,NA,NA,NA,NA
-88.115,18.435,NA,NA,NA,NA,NA,NA,NA,NA,NA,NA
-88.045,18.435,NA,NA,NA,NA,NA,NA,NA,NA,NA,NA
-87.975,18.435,NA,NA,NA,NA,NA,NA,NA,NA,NA,NA
-87.905,18.435,NA,NA,NA,NA,NA,NA,NA,NA,NA,NA
-87.835,18.435,NA,NA,NA,NA,NA,NA,NA,NA,NA,NA
-87.765,18.435,NA,NA,NA,NA,NA,NA,NA,NA,NA,NA
-87.695,18.435,NA,NA,NA,NA,NA,NA,NA,NA,NA,NA
-87.625,18.435,NA,NA,NA,NA,NA,NA,NA,NA,NA,NA
-87.555,18.435,NA,NA,NA,NA,NA,NA,NA,NA,NA,NA
-87.485,18.435,NA,NA,NA,NA,NA,NA,NA,NA,NA,NA
-87.415,18.435,NA,NA,NA,NA,NA,NA,NA,NA,NA,NA
-88.465,18.365,NA,NA,NA,NA,NA,NA,NA,NA,NA,NA
-88.395,18.365,NA,NA,NA,NA,NA,NA,NA,NA,NA,NA
-88.325,18.365,NA,NA,NA,NA,NA,NA,NA,NA,NA,NA
-88.255,18.365,NA,NA,NA,NA,NA,NA,NA,NA,NA,NA
-88.185,18.365,NA,NA,NA,NA,NA,NA,NA,NA,NA,NA
-88.115,18.365,NA,NA,NA,NA,NA,NA,NA,NA,NA,NA
-88.045,18.365,NA,NA,NA,NA,NA,NA,NA,NA,NA,NA
-87.975,18.365,NA,NA,NA,NA,NA,NA,NA,NA,NA,NA
-87.905,18.365,NA,NA,NA,NA,NA,NA,NA,NA,NA,NA
-87.835,18.365,NA,NA,NA,NA,NA,NA,NA,NA,NA,NA
-87.765,18.365,NA,NA,NA,NA,NA,NA,NA,NA,NA,NA
-87.695,18.365,NA,NA,NA,NA,NA,NA,NA,NA,NA,NA
-87.625,18.365,NA,NA,NA,NA,NA,NA,NA,NA,NA,NA
-87.555,18.365,NA,NA,NA,NA,NA,NA,NA,NA,NA,NA
-87.485,18.365,NA,NA,NA,NA,NA,NA,NA,NA,NA,NA
-87.415,18.365,NA,NA,NA,NA,NA,NA,NA,NA,NA,NA
-88.465,18.295,NA,NA,NA,NA,NA,NA,NA,NA,NA,NA
-88.395,18.295,NA,NA,NA,NA,NA,NA,NA,NA,NA,NA
-88.325,18.295,NA,NA,NA,NA,NA,NA,NA,NA,NA,NA
-88.255,18.295,NA,NA,NA,NA,NA,NA,NA,NA,NA,NA
-88.185,18.295,NA,NA,NA,NA,NA,NA,NA,NA,NA,NA
-88.115,18.295,NA,NA,NA,NA,NA,NA,NA,NA,NA,NA
-88.045,18.295,NA,NA,NA,NA,NA,NA,NA,NA,NA,NA
-87.975,18.295,NA,NA,NA,NA,NA,NA,NA,NA,NA,NA
-87.905,18.295,NA,NA,NA,NA,NA,NA,NA,NA,NA,NA
-87.835,18.295,NA,NA,NA,NA,NA,NA,NA,NA,NA,NA
-87.765,18.295,NA,NA,NA,NA,NA,NA,NA,NA,NA,NA
-87.695,18.295,NA,NA,NA,NA,NA,NA,NA,NA,NA,NA
-87.625,18.295,NA,NA,NA,NA,NA,NA,NA,NA,NA,NA
-87.555,18.295,NA,NA,NA,NA,NA,NA,NA,NA,NA,NA
-87.485,18.295,NA,NA,NA,NA,NA,NA,NA,NA,NA,NA
-87.415,18.295,NA,NA,NA,NA,NA,NA,NA,NA,NA,NA
-88.465,18.225,NA,NA,NA,NA,NA,NA,NA,NA,NA,NA
-88.395,18.225,NA,NA,NA,NA,NA,NA,NA,NA,NA,NA
-88.325,18.225,NA,NA,NA,NA,NA,NA,NA,NA,NA,NA
-88.255,18.225,NA,NA,NA,NA,NA,NA,NA,NA,NA,NA
-88.185,18.225,NA,NA,NA,NA,NA,NA,NA,NA,NA,NA
-88.115,18.225,NA,NA,NA,NA,NA,NA,NA,NA,NA,NA
-88.045,18.225,NA,NA,NA,NA,NA,NA,NA,NA,NA,NA
-87.975,18.225,NA,NA,NA,NA,NA,NA,NA,NA,NA,NA
-87.905,18.225,NA,NA,NA,NA,NA,NA,NA,NA,NA,NA
-87.835,18.225,NA,NA,NA,NA,NA,NA,NA,NA,NA,NA
-87.765,18.225,NA,NA,NA,NA,NA,NA,NA,NA,NA,NA
-87.695,18.225,NA,NA,NA,NA,NA,NA,NA,NA,NA,NA
-87.625,18.225,NA,NA,NA,NA,NA,NA,NA,NA,NA,NA
-87.555,18.225,NA,NA,NA,NA,NA,NA,NA,NA,NA,NA
-87.485,18.225,NA,NA,NA,NA,NA,NA,NA,NA,NA,NA
-87.415,18.225,NA,NA,NA,NA,NA,NA,NA,NA,NA,NA
-88.465,18.155,NA,NA,NA,NA,NA,NA,NA,NA,NA,NA
-88.395,18.155,NA,NA,NA,NA,NA,NA,NA,NA,NA,NA
-88.325,18.155,NA,NA,NA,NA,NA,NA,NA,NA,NA,NA
-88.255,18.155,NA,NA,NA,NA,NA,NA,NA,NA,NA,NA
-88.185,18.155,NA,NA,NA,NA,NA,NA,NA,NA,NA,NA
-88.115,18.155,NA,NA,NA,NA,NA,NA,NA,NA,NA,NA
-88.045,18.155,NA,NA,NA,NA,NA,NA,NA,NA,NA,NA
-87.975,18.155,NA,NA,NA,NA,NA,NA,NA,NA,NA,NA
-87.905,18.155,NA,NA,NA,NA,NA,NA,NA,NA,NA,NA
-87.835,18.155,NA,NA,NA,NA,NA,NA,NA,NA,NA,NA
-87.765,18.155,NA,NA,NA,NA,NA,NA,NA,NA,NA,NA
-87.695,18.155,NA,NA,NA,NA,NA,NA,NA,NA,NA,NA
-87.625,18.155,NA,NA,NA,NA,NA,NA,NA,NA,NA,NA
-87.555,18.155,NA,NA,NA,NA,NA,NA,NA,NA,NA,NA
-87.485,18.155,NA,NA,NA,NA,NA,NA,NA,NA,NA,NA
-87.415,18.155,NA,NA,NA,NA,NA,NA,NA,NA,NA,NA
-88.465,18.085,NA,NA,NA,NA,NA,NA,NA,NA,NA,NA
-88.395,18.085,NA,NA,NA,NA,NA,NA,NA,NA,NA,NA
-88.325,18.085,NA,NA,TRUE,NA,NA,NA,NA,NA,NA,NA
-88.255,18.085,NA,NA,TRUE,NA,NA,NA,NA,NA,NA,NA
-88.185,18.085,NA,NA,TRUE,NA,NA,NA,NA,NA,NA,NA
-88.115,18.085,NA,NA,TRUE,NA,NA,NA,NA,NA,NA,NA
-88.045,18.085,NA,NA,TRUE,NA,NA,NA,NA,NA,NA,NA
-87.975,18.085,NA,NA,TRUE,NA,NA,NA,NA,NA,NA,NA
-87.905,18.085,NA,NA,TRUE,NA,NA,NA,NA,NA,NA,NA
-87.835,18.085,NA,NA,NA,NA,NA,NA,NA,NA,NA,NA
-87.765,18.085,NA,NA,NA,NA,NA,NA,NA,NA,NA,NA
-87.695,18.085,NA,NA,NA,NA,NA,NA,NA,NA,NA,NA
-87.625,18.085,NA,NA,NA,NA,NA,NA,NA,NA,NA,NA
-87.555,18.085,NA,NA,NA,NA,NA,NA,NA,NA,NA,NA
-87.485,18.085,NA,NA,NA,NA,NA,NA,NA,NA,NA,NA
-87.415,18.085,NA,NA,NA,NA,NA,NA,NA,NA,NA,NA
-88.465,18.015,NA,NA,NA,NA,NA,NA,NA,NA,NA,NA
-88.395,18.015,NA,NA,NA,NA,NA,NA,NA,NA,NA,NA
-88.325,18.015,NA,NA,TRUE,NA,NA,NA,NA,NA,NA,NA
-88.255,18.015,NA,NA,TRUE,NA,NA,NA,NA,NA,NA,NA
-88.185,18.015,NA,NA,TRUE,NA,NA,NA,NA,NA,NA,NA
-88.115,18.015,NA,NA,TRUE,NA,NA,NA,NA,NA,NA,NA
-88.045,18.015,NA,NA,TRUE,NA,NA,NA,NA,NA,NA,NA
-87.975,18.015,NA,NA,TRUE,NA,NA,NA,NA,NA,NA,NA
-87.905,18.015,NA,NA,TRUE,NA,NA,NA,NA,NA,NA,NA
-87.835,18.015,NA,NA,NA,NA,NA,NA,NA,NA,NA,NA
-87.765,18.015,NA,NA,NA,NA,NA,NA,NA,NA,NA,NA
-87.695,18.015,NA,NA,NA,NA,NA,NA,NA,NA,NA,NA
-87.625,18.015,NA,NA,NA,NA,NA,NA,NA,NA,NA,NA
-87.555,18.015,NA,NA,NA,NA,NA,NA,NA,NA,NA,NA
-87.485,18.015,NA,NA,NA,NA,NA,NA,NA,NA,NA,NA
-87.415,18.015,NA,NA,NA,NA,NA,NA,NA,NA,NA,NA
-88.465,17.945,NA,NA,NA,NA,NA,NA,NA,NA,NA,NA
-88.395,17.945,NA,NA,NA,NA,NA,NA,NA,NA,NA,NA
-88.325,17.945,NA,NA,TRUE,NA,NA,NA,NA,NA,NA,NA
-88.255,17.945,NA,NA,TRUE,NA,NA,NA,NA,NA,NA,NA
-88.185,17.945,NA,NA,TRUE,NA,NA,NA,TRUE,NA,NA,TRUE
-88.115,17.945,NA,NA,TRUE,NA,NA,NA,TRUE,NA,NA,TRUE
-88.045,17.945,NA,NA,TRUE,NA,NA,NA,TRUE,NA,NA,TRUE
-87.975,17.945,NA,NA,TRUE,NA,NA,NA,TRUE,NA,NA,TRUE
-87.905,17.945,NA,NA,TRUE,NA,NA,NA,TRUE,NA,NA,TRUE
-87.835,17.945,NA,NA,NA,NA,NA,NA,NA,NA,NA,NA
-87.765,17.945,NA,NA,NA,NA,NA,NA,NA,NA,NA,NA
-87.695,17.945,NA,NA,NA,NA,NA,NA,NA,NA,NA,NA
-87.625,17.945,NA,NA,NA,NA,NA,NA,NA,NA,NA,NA
-87.555,17.945,NA,NA,NA,NA,NA,NA,NA,NA,NA,NA
-87.485,17.945,NA,NA,NA,NA,NA,NA,NA,NA,NA,NA
-87.415,17.945,NA,NA,NA,NA,NA,NA,NA,NA,NA,NA
-88.465,17.875,NA,NA,NA,NA,NA,NA,NA,NA,NA,NA
-88.395,17.875,NA,NA,NA,NA,NA,NA,NA,NA,NA,NA
-88.325,17.875,NA,NA,TRUE,NA,NA,NA,NA,NA,NA,NA
-88.255,17.875,NA,NA,TRUE,NA,NA,NA,NA,NA,NA,NA
-88.185,17.875,NA,NA,TRUE,NA,NA,NA,TRUE,NA,NA,TRUE
-88.115,17.875,NA,NA,TRUE,NA,NA,NA,TRUE,NA,NA,TRUE
-88.045,17.875,NA,NA,TRUE,NA,NA,NA,TRUE,NA,NA,TRUE
-87.975,17.875,NA,NA,TRUE,NA,NA,NA,TRUE,NA,NA,TRUE
-87.905,17.875,NA,NA,TRUE,NA,NA,NA,TRUE,NA,NA,TRUE
-87.835,17.875,NA,NA,NA,NA,NA,NA,NA,NA,NA,NA
-87.765,17.875,NA,NA,NA,NA,NA,NA,NA,NA,NA,NA
-87.695,17.875,NA,NA,NA,NA,NA,NA,NA,NA,NA,NA
-87.625,17.875,NA,NA,NA,NA,NA,NA,NA,NA,NA,NA
-87.555,17.875,NA,NA,NA,NA,NA,NA,NA,NA,NA,NA
-87.485,17.875,NA,NA,NA,NA,NA,NA,NA,NA,NA,NA
-87.415,17.875,NA,NA,NA,NA,NA,NA,NA,NA,NA,NA
-88.465,17.805,NA,NA,NA,NA,NA,NA,NA,NA,NA,NA
-88.395,17.805,NA,NA,NA,NA,NA,NA,NA,NA,NA,NA
-88.325,17.805,NA,NA,TRUE,NA,NA,NA,NA,NA,NA,NA
-88.255,17.805,NA,NA,TRUE,NA,NA,NA,NA,NA,NA,NA
-88.185,17.805,NA,NA,TRUE,NA,NA,NA,TRUE,NA,NA,TRUE
-88.115,17.805,NA,NA,TRUE,NA,NA,NA,TRUE,NA,NA,TRUE
-88.045,17.805,NA,NA,TRUE,NA,NA,NA,TRUE,NA,NA,TRUE
-87.975,17.805,NA,NA,TRUE,NA,NA,NA,TRUE,NA,NA,TRUE
-87.905,17.805,NA,NA,TRUE,NA,NA,NA,TRUE,NA,NA,TRUE
-87.835,17.805,NA,NA,NA,NA,NA,NA,NA,NA,NA,NA
-87.765,17.805,NA,NA,NA,NA,NA,NA,NA,NA,NA,NA
-87.695,17.805,NA,NA,NA,NA,NA,NA,NA,NA,NA,NA
-87.625,17.805,NA,NA,NA,NA,NA,NA,NA,NA,NA,NA
-87.555,17.805,NA,NA,NA,NA,NA,NA,NA,NA,NA,NA
-87.485,17.805,NA,NA,NA,NA,NA,NA,NA,NA,NA,NA
-87.415,17.805,NA,NA,NA,NA,NA,NA,NA,NA,NA,NA
-88.465,17.735,NA,NA,NA,NA,NA,NA,NA,NA,NA,NA
-88.395,17.735,NA,NA,NA,NA,NA,NA,NA,NA,NA,NA
-88.325,17.735,NA,NA,TRUE,NA,NA,NA,NA,NA,NA,NA
-88.255,17.735,NA,NA,TRUE,NA,NA,TRUE,NA,NA,NA,NA
-88.185,17.735,NA,NA,TRUE,NA,NA,TRUE,TRUE,NA,NA,TRUE
-88.115,17.735,NA,NA,TRUE,NA,NA,TRUE,TRUE,NA,NA,TRUE
-88.045,17.735,NA,NA,TRUE,NA,NA,NA,TRUE,NA,NA,TRUE
-87.975,17.735,NA,NA,TRUE,NA,NA,NA,TRUE,NA,NA,TRUE
-87.905,17.735,NA,NA,TRUE,NA,NA,NA,TRUE,NA,NA,TRUE
-87.835,17.735,NA,NA,NA,NA,NA,NA,NA,NA,NA,NA
-87.765,17.735,NA,NA,NA,NA,NA,NA,NA,NA,NA,NA
-87.695,17.735,NA,NA,NA,NA,NA,NA,NA,NA,NA,NA
-87.625,17.735,NA,NA,NA,NA,NA,NA,NA,NA,NA,NA
-87.555,17.735,NA,NA,NA,NA,NA,NA,NA,NA,NA,NA
-87.485,17.735,NA,NA,NA,NA,NA,NA,NA,NA,NA,NA
-87.415,17.735,NA,NA,NA,NA,NA,NA,NA,NA,NA,NA
-88.465,17.665,NA,NA,NA,NA,NA,NA,NA,NA,NA,NA
-88.395,17.665,NA,NA,NA,NA,NA,NA,NA,NA,NA,NA
-88.325,17.665,NA,NA,TRUE,NA,NA,NA,NA,NA,NA,NA
-88.255,17.665,NA,NA,TRUE,NA,NA,TRUE,NA,NA,NA,NA
-88.185,17.665,NA,NA,TRUE,NA,NA,TRUE,NA,NA,NA,NA
-88.115,17.665,NA,NA,TRUE,NA,NA,TRUE,NA,NA,NA,NA
-88.045,17.665,NA,NA,TRUE,NA,NA,NA,NA,NA,NA,NA
-87.975,17.665,NA,NA,TRUE,NA,NA,NA,NA,NA,NA,NA
-87.905,17.665,NA,NA,TRUE,NA,NA,NA,NA,NA,NA,NA
-87.835,17.665,NA,NA,NA,NA,NA,NA,NA,NA,NA,NA
-87.765,17.665,NA,NA,NA,NA,NA,NA,NA,NA,NA,NA
-87.695,17.665,NA,NA,NA,NA,NA,NA,NA,NA,NA,NA
-87.625,17.665,NA,NA,NA,NA,NA,NA,NA,NA,NA,NA
-87.555,17.665,NA,NA,NA,NA,NA,NA,NA,NA,NA,NA
-87.485,17.665,NA,NA,NA,NA,NA,NA,NA,NA,NA,NA
-87.415,17.665,NA,NA,NA,NA,NA,NA,NA,NA,NA,NA
-88.465,17.595,NA,NA,NA,NA,NA,NA,NA,NA,NA,NA
-88.395,17.595,NA,NA,NA,NA,NA,NA,NA,NA,NA,NA
-88.325,17.595,NA,NA,TRUE,NA,NA,NA,NA,NA,NA,NA
-88.255,17.595,NA,NA,TRUE,NA,NA,TRUE,NA,NA,NA,NA
-88.185,17.595,NA,NA,TRUE,NA,NA,TRUE,NA,NA,NA,NA
-88.115,17.595,NA,NA,TRUE,NA,NA,TRUE,NA,NA,NA,NA
-88.045,17.595,NA,NA,TRUE,NA,NA,NA,NA,NA,NA,NA
-87.975,17.595,NA,NA,TRUE,TRUE,NA,NA,NA,NA,TRUE,TRUE
-87.905,17.595,NA,NA,TRUE,TRUE,NA,NA,NA,NA,TRUE,TRUE
-87.835,17.595,NA,NA,NA,TRUE,NA,NA,NA,NA,TRUE,TRUE
-87.765,17.595,NA,NA,NA,TRUE,NA,NA,NA,NA,TRUE,TRUE
-87.695,17.595,NA,NA,NA,TRUE,NA,NA,NA,NA,TRUE,TRUE
-87.625,17.595,NA,NA,NA,TRUE,NA,NA,NA,NA,NA,NA
-87.555,17.595,NA,NA,NA,TRUE,NA,NA,NA,NA,NA,NA
-87.485,17.595,NA,NA,NA,TRUE,NA,NA,NA,NA,NA,NA
-87.415,17.595,NA,NA,NA,TRUE,NA,NA,NA,NA,NA,NA
-88.465,17.525,NA,NA,NA,NA,NA,NA,NA,NA,NA,NA
-88.395,17.525,NA,NA,NA,NA,NA,NA,NA,NA,NA,NA
-88.325,17.525,NA,NA,NA,NA,NA,NA,NA,NA,NA,NA
-88.255,17.525,NA,NA,NA,NA,NA,TRUE,NA,NA,NA,NA
-88.185,17.525,NA,NA,NA,NA,NA,TRUE,NA,NA,NA,NA
-88.115,17.525,NA,NA,NA,NA,NA,TRUE,NA,NA,NA,NA
-88.045,17.525,NA,NA,NA,NA,NA,NA,NA,NA,NA,NA
-87.975,17.525,NA,NA,NA,TRUE,NA,NA,NA,NA,TRUE,TRUE
-87.905,17.525,NA,NA,NA,TRUE,NA,NA,NA,NA,TRUE,TRUE
-87.835,17.525,NA,NA,NA,TRUE,NA,NA,NA,NA,TRUE,TRUE
-87.765,17.525,NA,NA,NA,TRUE,NA,NA,NA,NA,TRUE,TRUE
-87.695,17.525,NA,NA,NA,TRUE,NA,NA,NA,NA,TRUE,TRUE
-87.625,17.525,NA,NA,NA,TRUE,NA,NA,NA,NA,NA,NA
-87.555,17.525,NA,NA,NA,TRUE,NA,NA,NA,NA,NA,NA
-87.485,17.525,NA,NA,NA,TRUE,NA,NA,NA,NA,NA,NA
-87.415,17.525,NA,NA,NA,TRUE,NA,NA,NA,NA,NA,NA
-88.465,17.455,NA,NA,NA,NA,NA,NA,NA,NA,NA,NA
-88.395,17.455,NA,NA,NA,NA,NA,NA,NA,NA,NA,NA
-88.325,17.455,NA,NA,NA,NA,NA,NA,NA,NA,NA,NA
-88.255,17.455,NA,NA,NA,NA,NA,NA,NA,NA,NA,NA
-88.185,17.455,NA,NA,NA,NA,NA,NA,NA,NA,NA,NA
-88.115,17.455,NA,NA,NA,NA,NA,NA,NA,NA,NA,NA
-88.045,17.455,NA,NA,NA,NA,NA,NA,NA,NA,NA,NA
-87.975,17.455,NA,NA,NA,TRUE,NA,NA,NA,NA,TRUE,TRUE
-87.905,17.455,NA,NA,NA,TRUE,NA,NA,NA,NA,TRUE,TRUE
-87.835,17.455,NA,NA,NA,TRUE,NA,NA,NA,NA,TRUE,TRUE
-87.765,17.455,NA,NA,NA,TRUE,NA,NA,NA,NA,TRUE,TRUE
-87.695,17.455,NA,NA,NA,TRUE,NA,NA,NA,NA,TRUE,TRUE
-87.625,17.455,NA,NA,NA,TRUE,NA,NA,NA,NA,NA,NA
-87.555,17.455,NA,NA,NA,TRUE,NA,NA,NA,NA,NA,NA
-87.485,17.455,NA,NA,NA,TRUE,NA,NA,NA,NA,NA,NA
-87.415,17.455,NA,NA,NA,TRUE,NA,NA,NA,NA,NA,NA
-88.465,17.385,NA,NA,NA,NA,NA,NA,NA,NA,NA,NA
-88.395,17.385,NA,NA,NA,NA,NA,NA,NA,NA,NA,NA
-88.325,17.385,NA,NA,NA,NA,NA,NA,NA,NA,NA,NA
-88.255,17.385,NA,NA,NA,NA,TRUE,NA,NA,NA,NA,NA
-88.185,17.385,NA,NA,NA,NA,TRUE,NA,NA,TRUE,NA,NA
-88.115,17.385,NA,NA,NA,NA,TRUE,NA,NA,TRUE,NA,NA
-88.045,17.385,NA,NA,NA,NA,TRUE,NA,NA,TRUE,NA,NA
-87.975,17.385,NA,NA,NA,TRUE,NA,NA,NA,TRUE,TRUE,TRUE
-87.905,17.385,NA,NA,NA,TRUE,NA,NA,NA,TRUE,TRUE,TRUE
-87.835,17.385,NA,NA,NA,TRUE,NA,NA,NA,NA,TRUE,TRUE
-87.765,17.385,NA,NA,NA,TRUE,NA,NA,NA,NA,TRUE,TRUE
-87.695,17.385,NA,NA,NA,TRUE,NA,NA,NA,NA,TRUE,TRUE
-87.625,17.385,NA,NA,NA,TRUE,NA,NA,NA,NA,NA,NA
-87.555,17.385,NA,NA,NA,TRUE,NA,NA,NA,NA,NA,NA
-87.485,17.385,NA,NA,NA,TRUE,NA,NA,NA,NA,NA,NA
-87.415,17.385,NA,NA,NA,TRUE,NA,NA,NA,NA,NA,NA
-88.465,17.315,NA,NA,NA,NA,NA,NA,NA,NA,NA,NA
-88.395,17.315,NA,NA,NA,NA,NA,NA,NA,NA,NA,NA
-88.325,17.315,NA,NA,NA,NA,NA,NA,NA,NA,NA,NA
-88.255,17.315,NA,NA,NA,NA,TRUE,NA,NA,NA,NA,NA
-88.185,17.315,NA,NA,NA,NA,TRUE,NA,NA,TRUE,NA,NA
-88.115,17.315,NA,NA,NA,NA,TRUE,NA,NA,TRUE,NA,NA
-88.045,17.315,NA,NA,NA,NA,TRUE,NA,NA,TRUE,NA,NA
-87.975,17.315,NA,NA,NA,TRUE,NA,NA,NA,TRUE,TRUE,TRUE
-87.905,17.315,NA,NA,NA,TRUE,NA,NA,NA,TRUE,TRUE,TRUE
-87.835,17.315,NA,NA,NA,TRUE,NA,NA,NA,NA,TRUE,TRUE
-87.765,17.315,NA,NA,NA,TRUE,NA,NA,NA,NA,TRUE,TRUE
-87.695,17.315,NA,NA,NA,TRUE,NA,NA,NA,NA,TRUE,TRUE
-87.625,17.315,NA,NA,NA,TRUE,NA,NA,NA,NA,NA,NA
-87.555,17.315,NA,NA,NA,TRUE,NA,NA,NA,NA,NA,NA
-87.485,17.315,NA,NA,NA,TRUE,NA,NA,NA,NA,NA,NA
-87.415,17.315,NA,NA,NA,TRUE,NA,NA,NA,NA,NA,NA
-88.465,17.245,NA,NA,NA,NA,NA,NA,NA,NA,NA,NA
-88.395,17.245,NA,NA,NA,NA,NA,NA,NA,NA,NA,NA
-88.325,17.245,NA,NA,NA,NA,NA,NA,NA,NA,NA,NA
-88.255,17.245,NA,NA,NA,NA,TRUE,NA,NA,NA,NA,NA
-88.185,17.245,TRUE,NA,NA,NA,TRUE,NA,NA,TRUE,NA,NA
-88.115,17.245,TRUE,NA,NA,NA,TRUE,NA,NA,TRUE,NA,NA
-88.045,17.245,TRUE,NA,NA,NA,TRUE,NA,NA,TRUE,NA,NA
-87.975,17.245,TRUE,NA,NA,TRUE,NA,NA,NA,TRUE,TRUE,TRUE
-87.905,17.245,TRUE,NA,NA,TRUE,NA,NA,NA,TRUE,TRUE,TRUE
-87.835,17.245,TRUE,NA,NA,TRUE,NA,NA,NA,NA,TRUE,TRUE
-87.765,17.245,TRUE,NA,NA,TRUE,NA,NA,NA,NA,TRUE,TRUE
-87.695,17.245,TRUE,NA,NA,TRUE,NA,NA,NA,NA,TRUE,TRUE
-87.625,17.245,TRUE,NA,NA,TRUE,NA,NA,NA,NA,NA,NA
-87.555,17.245,NA,NA,NA,TRUE,NA,NA,NA,NA,NA,NA
-87.485,17.245,NA,NA,NA,TRUE,NA,NA,NA,NA,NA,NA
-87.415,17.245,NA,NA,NA,TRUE,NA,NA,NA,NA,NA,NA
-88.465,17.175,NA,NA,NA,NA,NA,NA,NA,NA,NA,NA
-88.395,17.175,NA,NA,NA,NA,NA,NA,NA,NA,NA,NA
-88.325,17.175,NA,NA,NA,NA,NA,NA,NA,NA,NA,NA
-88.255,17.175,NA,NA,NA,NA,TRUE,NA,NA,NA,NA,NA
-88.185,17.175,TRUE,NA,NA,NA,TRUE,NA,NA,TRUE,NA,NA
-88.115,17.175,TRUE,NA,NA,NA,TRUE,NA,NA,TRUE,NA,NA
-88.045,17.175,TRUE,NA,NA,NA,TRUE,NA,NA,TRUE,NA,NA
-87.975,17.175,TRUE,NA,NA,TRUE,NA,NA,NA,TRUE,TRUE,TRUE
-87.905,17.175,TRUE,NA,NA,TRUE,NA,NA,NA,TRUE,TRUE,TRUE
-87.835,17.175,TRUE,NA,NA,TRUE,NA,NA,NA,NA,TRUE,TRUE
-87.765,17.175,TRUE,NA,NA,TRUE,NA,NA,NA,NA,TRUE,TRUE
-87.695,17.175,TRUE,NA,NA,TRUE,NA,NA,NA,NA,TRUE,TRUE
-87.625,17.175,TRUE,NA,NA,TRUE,NA,NA,NA,NA,NA,NA
-87.555,17.175,NA,NA,NA,TRUE,NA,NA,NA,NA,NA,NA
-87.485,17.175,NA,NA,NA,TRUE,NA,NA,NA,NA,NA,NA
-87.415,17.175,NA,NA,NA,TRUE,NA,NA,NA,NA,NA,NA
-88.465,17.105,NA,NA,NA,NA,NA,NA,NA,NA,NA,NA
-88.395,17.105,NA,NA,NA,NA,NA,NA,NA,NA,NA,NA
-88.325,17.105,NA,NA,NA,NA,NA,NA,NA,NA,NA,NA
-88.255,17.105,NA,NA,NA,NA,TRUE,NA,NA,NA,NA,NA
-88.185,17.105,TRUE,NA,NA,NA,TRUE,NA,NA,TRUE,NA,NA
-88.115,17.105,TRUE,NA,NA,NA,TRUE,NA,NA,TRUE,NA,NA
-88.045,17.105,TRUE,NA,NA,NA,TRUE,NA,NA,TRUE,NA,NA
-87.975,17.105,TRUE,NA,NA,TRUE,NA,NA,NA,TRUE,TRUE,TRUE
-87.905,17.105,TRUE,NA,NA,TRUE,NA,NA,NA,TRUE,TRUE,TRUE
-87.835,17.105,TRUE,NA,NA,TRUE,NA,NA,NA,NA,TRUE,TRUE
-87.765,17.105,TRUE,NA,NA,TRUE,NA,NA,NA,NA,TRUE,TRUE
-87.695,17.105,TRUE,NA,NA,TRUE,NA,NA,NA,NA,TRUE,TRUE
-87.625,17.105,TRUE,NA,NA,TRUE,NA,NA,NA,NA,NA,NA
-87.555,17.105,NA,NA,NA,TRUE,NA,NA,NA,NA,NA,NA
-87.485,17.105,NA,NA,NA,TRUE,NA,NA,NA,NA,NA,NA
-87.415,17.105,NA,NA,NA,TRUE,NA,NA,NA,NA,NA,NA
-88.465,17.035,NA,NA,NA,NA,NA,NA,NA,NA,NA,NA
-88.395,17.035,NA,NA,NA,NA,NA,NA,NA,NA,NA,NA
-88.325,17.035,NA,NA,NA,NA,NA,NA,NA,NA,NA,NA
-88.255,17.035,NA,NA,NA,NA,TRUE,NA,NA,NA,NA,NA
-88.185,17.035,TRUE,NA,NA,NA,TRUE,NA,NA,NA,NA,NA
-88.115,17.035,TRUE,NA,NA,NA,TRUE,NA,NA,NA,NA,NA
-88.045,17.035,TRUE,NA,NA,NA,TRUE,NA,NA,NA,NA,NA
-87.975,17.035,TRUE,NA,NA,TRUE,NA,NA,NA,NA,NA,NA
-87.905,17.035,TRUE,NA,NA,TRUE,NA,NA,NA,NA,NA,NA
-87.835,17.035,TRUE,NA,NA,TRUE,NA,NA,NA,NA,NA,NA
-87.765,17.035,TRUE,NA,NA,TRUE,NA,NA,NA,NA,NA,NA
-87.695,17.035,TRUE,NA,NA,TRUE,NA,NA,NA,NA,NA,NA
-87.625,17.035,TRUE,NA,NA,TRUE,NA,NA,NA,NA,NA,NA
-87.555,17.035,NA,NA,NA,TRUE,NA,NA,NA,NA,NA,NA
-87.485,17.035,NA,NA,NA,TRUE,NA,NA,NA,NA,NA,NA
-87.415,17.035,NA,NA,NA,TRUE,NA,NA,NA,NA,NA,NA
-88.465,16.965,NA,NA,NA,NA,NA,NA,NA,NA,NA,NA
-88.395,16.965,NA,NA,NA,NA,NA,NA,NA,NA,NA,NA
-88.325,16.965,NA,NA,NA,NA,NA,NA,NA,NA,NA,NA
-88.255,16.965,NA,NA,NA,NA,TRUE,NA,NA,NA,NA,NA
-88.185,16.965,TRUE,NA,NA,NA,TRUE,NA,NA,NA,NA,NA
-88.115,16.965,TRUE,NA,NA,NA,TRUE,NA,NA,NA,NA,NA
-88.045,16.965,TRUE,NA,NA,NA,TRUE,NA,NA,NA,NA,NA
-87.975,16.965,TRUE,NA,NA,TRUE,NA,NA,NA,NA,NA,NA
-87.905,16.965,TRUE,NA,NA,TRUE,NA,NA,NA,NA,NA,NA
-87.835,16.965,TRUE,NA,NA,TRUE,NA,NA,NA,NA,NA,NA
-87.765,16.965,TRUE,NA,NA,TRUE,NA,NA,NA,NA,NA,NA
-87.695,16.965,TRUE,NA,NA,TRUE,NA,NA,NA,NA,NA,NA
-87.625,16.965,TRUE,NA,NA,TRUE,NA,NA,NA,NA,NA,NA
-87.555,16.965,NA,NA,NA,TRUE,NA,NA,NA,NA,NA,NA
-87.485,16.965,NA,NA,NA,TRUE,NA,NA,NA,NA,NA,NA
-87.415,16.965,NA,NA,NA,TRUE,NA,NA,NA,NA,NA,NA
-88.465,16.895,NA,NA,NA,NA,NA,NA,NA,NA,NA,NA
-88.395,16.895,NA,NA,NA,NA,NA,NA,NA,NA,NA,NA
-88.325,16.895,NA,NA,NA,NA,NA,NA,NA,NA,NA,NA
-88.255,16.895,NA,NA,NA,NA,TRUE,NA,NA,NA,NA,NA
-88.185,16.895,TRUE,NA,NA,NA,TRUE,NA,NA,NA,NA,NA
-88.115,16.895,TRUE,NA,NA,NA,TRUE,NA,NA,NA,NA,NA
-88.045,16.895,TRUE,NA,NA,NA,TRUE,NA,NA,NA,NA,NA
-87.975,16.895,TRUE,NA,NA,TRUE,NA,NA,NA,NA,NA,NA
-87.905,16.895,TRUE,NA,NA,TRUE,NA,NA,NA,NA,NA,NA
-87.835,16.895,TRUE,NA,NA,TRUE,NA,NA,NA,NA,NA,NA
-87.765,16.895,TRUE,NA,NA,TRUE,NA,NA,NA,NA,NA,NA
-87.695,16.895,TRUE,NA,NA,TRUE,NA,NA,NA,NA,NA,NA
-87.625,16.895,TRUE,NA,NA,TRUE,NA,NA,NA,NA,NA,NA
-87.555,16.895,NA,NA,NA,TRUE,NA,NA,NA,NA,NA,NA
-87.485,16.895,NA,NA,NA,TRUE,NA,NA,NA,NA,NA,NA
-87.415,16.895,NA,NA,NA,TRUE,NA,NA,NA,NA,NA,NA
-88.465,16.825,NA,NA,NA,NA,NA,NA,NA,NA,NA,NA
-88.395,16.825,NA,NA,NA,NA,NA,NA,NA,NA,NA,NA
-88.325,16.825,NA,NA,NA,NA,NA,NA,NA,NA,NA,NA
-88.255,16.825,NA,NA,NA,NA,TRUE,NA,NA,NA,NA,NA
-88.185,16.825,TRUE,NA,NA,NA,TRUE,NA,NA,NA,NA,NA
-88.115,16.825,TRUE,NA,NA,NA,TRUE,NA,NA,NA,NA,NA
-88.045,16.825,TRUE,NA,NA,NA,TRUE,NA,NA,NA,NA,NA
-87.975,16.825,TRUE,NA,NA,TRUE,NA,NA,NA,NA,NA,NA
-87.905,16.825,TRUE,NA,NA,TRUE,NA,NA,NA,NA,NA,NA
-87.835,16.825,TRUE,NA,NA,TRUE,NA,NA,NA,NA,NA,NA
-87.765,16.825,TRUE,NA,NA,TRUE,NA,NA,NA,NA,NA,NA
-87.695,16.825,TRUE,NA,NA,TRUE,NA,NA,NA,NA,NA,NA
-87.625,16.825,TRUE,NA,NA,TRUE,NA,NA,NA,NA,NA,NA
-87.555,16.825,NA,NA,NA,TRUE,NA,NA,NA,NA,NA,NA
-87.485,16.825,NA,NA,NA,TRUE,NA,NA,NA,NA,NA,NA
-87.415,16.825,NA,NA,NA,TRUE,NA,NA,NA,NA,NA,NA
-88.465,16.755,NA,NA,NA,NA,NA,NA,NA,NA,NA,NA
-88.395,16.755,NA,NA,NA,NA,NA,NA,NA,NA,NA,NA
-88.325,16.755,NA,NA,NA,NA,NA,NA,NA,NA,NA,NA
-88.255,16.755,NA,NA,NA,NA,TRUE,NA,NA,NA,NA,NA
-88.185,16.755,TRUE,NA,NA,NA,TRUE,NA,NA,NA,NA,NA
-88.115,16.755,TRUE,NA,NA,NA,TRUE,NA,NA,NA,NA,NA
-88.045,16.755,TRUE,NA,NA,NA,TRUE,NA,NA,NA,NA,NA
-87.975,16.755,TRUE,NA,NA,TRUE,NA,NA,NA,NA,NA,NA
-87.905,16.755,TRUE,NA,NA,TRUE,NA,NA,NA,NA,NA,NA
-87.835,16.755,TRUE,NA,NA,TRUE,NA,NA,NA,NA,NA,NA
-87.765,16.755,TRUE,NA,NA,TRUE,NA,NA,NA,NA,NA,NA
-87.695,16.755,TRUE,NA,NA,TRUE,NA,NA,NA,NA,NA,NA
-87.625,16.755,TRUE,NA,NA,TRUE,NA,NA,NA,NA,NA,NA
-87.555,16.755,NA,NA,NA,TRUE,NA,NA,NA,NA,NA,NA
-87.485,16.755,NA,NA,NA,TRUE,NA,NA,NA,NA,NA,NA
-87.415,16.755,NA,NA,NA,TRUE,NA,NA,NA,NA,NA,NA
-88.465,16.685,NA,NA,NA,NA,NA,NA,NA,NA,NA,NA
-88.395,16.685,NA,NA,NA,NA,NA,NA,NA,NA,NA,NA
-88.325,16.685,NA,NA,NA,NA,NA,NA,NA,NA,NA,NA
-88.255,16.685,NA,NA,NA,NA,TRUE,NA,NA,TRUE,TRUE,NA
-88.185,16.685,NA,NA,NA,NA,TRUE,TRUE,NA,TRUE,TRUE,NA
-88.115,16.685,NA,NA,NA,NA,TRUE,TRUE,NA,TRUE,TRUE,NA
-88.045,16.685,NA,NA,NA,NA,TRUE,TRUE,NA,TRUE,TRUE,NA
-87.975,16.685,NA,NA,NA,TRUE,NA,TRUE,NA,NA,NA,NA
-87.905,16.685,NA,NA,NA,TRUE,NA,NA,NA,NA,NA,NA
-87.835,16.685,NA,NA,NA,TRUE,NA,NA,NA,NA,NA,NA
-87.765,16.685,NA,NA,NA,TRUE,NA,NA,NA,NA,NA,NA
-87.695,16.685,NA,NA,NA,TRUE,NA,NA,NA,NA,NA,NA
-87.625,16.685,NA,NA,NA,TRUE,NA,NA,NA,NA,NA,NA
-87.555,16.685,NA,NA,NA,TRUE,NA,NA,NA,NA,NA,NA
-87.485,16.685,NA,NA,NA,TRUE,NA,NA,NA,NA,NA,NA
-87.415,16.685,NA,NA,NA,TRUE,NA,NA,NA,NA,NA,NA
-88.465,16.615,NA,NA,NA,NA,NA,NA,NA,NA,NA,NA
-88.395,16.615,NA,NA,NA,NA,NA,NA,NA,NA,NA,NA
-88.325,16.615,NA,NA,NA,NA,NA,NA,NA,NA,NA,NA
-88.255,16.615,NA,NA,NA,NA,TRUE,NA,NA,TRUE,TRUE,NA
-88.185,16.615,NA,NA,NA,NA,TRUE,TRUE,NA,TRUE,TRUE,NA
-88.115,16.615,NA,NA,NA,NA,TRUE,TRUE,NA,TRUE,TRUE,NA
-88.045,16.615,NA,NA,NA,NA,TRUE,TRUE,NA,TRUE,TRUE,NA
-87.975,16.615,NA,NA,NA,TRUE,NA,TRUE,NA,NA,NA,NA
-87.905,16.615,NA,NA,NA,TRUE,NA,NA,NA,NA,NA,NA
-87.835,16.615,NA,NA,NA,TRUE,NA,NA,NA,NA,NA,NA
-87.765,16.615,NA,NA,NA,TRUE,NA,NA,NA,NA,NA,NA
-87.695,16.615,NA,NA,NA,TRUE,NA,NA,NA,NA,NA,NA
-87.625,16.615,NA,NA,NA,TRUE,NA,NA,NA,NA,NA,NA
-87.555,16.615,NA,NA,NA,TRUE,NA,NA,NA,NA,NA,NA
-87.485,16.615,NA,NA,NA,TRUE,NA,NA,NA,NA,NA,NA
-87.415,16.615,NA,NA,NA,TRUE,NA,NA,NA,NA,NA,NA
-88.465,16.545,NA,NA,NA,NA,NA,NA,NA,NA,NA,NA
-88.395,16.545,NA,TRUE,NA,NA,NA,NA,TRUE,NA,NA,NA
-88.325,16.545,NA,TRUE,NA,NA,NA,NA,TRUE,NA,NA,NA
-88.255,16.545,NA,TRUE,NA,NA,NA,NA,TRUE,TRUE,TRUE,NA
-88.185,16.545,NA,TRUE,NA,NA,NA,TRUE,TRUE,TRUE,TRUE,NA
-88.115,16.545,NA,TRUE,NA,NA,NA,TRUE,TRUE,TRUE,TRUE,NA
-88.045,16.545,NA,TRUE,NA,NA,NA,TRUE,NA,TRUE,TRUE,NA
-87.975,16.545,NA,TRUE,NA,NA,NA,TRUE,NA,NA,NA,NA
-87.905,16.545,NA,TRUE,NA,NA,NA,NA,NA,NA,NA,NA
-87.835,16.545,NA,NA,NA,NA,NA,NA,NA,NA,NA,NA
-87.765,16.545,NA,NA,NA,NA,NA,NA,NA,NA,NA,NA
-87.695,16.545,NA,NA,NA,NA,NA,NA,NA,NA,NA,NA
-87.625,16.545,NA,NA,NA,NA,NA,NA,NA,NA,NA,NA
-87.555,16.545,NA,NA,NA,NA,NA,NA,NA,NA,NA,NA
-87.485,16.545,NA,NA,NA,NA,NA,NA,NA,NA,NA,NA
-87.415,16.545,NA,NA,NA,NA,NA,NA,NA,NA,NA,NA
-88.465,16.475,NA,NA,NA,NA,NA,NA,NA,NA,NA,NA
-88.395,16.475,NA,TRUE,NA,NA,NA,NA,TRUE,NA,NA,NA
-88.325,16.475,NA,TRUE,NA,NA,NA,NA,TRUE,NA,NA,NA
-88.255,16.475,NA,TRUE,NA,NA,NA,NA,TRUE,TRUE,TRUE,NA
-88.185,16.475,NA,TRUE,NA,NA,NA,NA,TRUE,TRUE,TRUE,NA
-88.115,16.475,NA,TRUE,NA,NA,NA,NA,TRUE,TRUE,TRUE,NA
-88.045,16.475,NA,TRUE,NA,NA,NA,NA,NA,TRUE,TRUE,NA
-87.975,16.475,NA,TRUE,NA,NA,NA,NA,NA,NA,NA,NA
-87.905,16.475,NA,TRUE,NA,NA,NA,NA,NA,NA,NA,NA
-87.835,16.475,NA,NA,NA,NA,NA,NA,NA,NA,NA,NA
-87.765,16.475,NA,NA,NA,NA,NA,NA,NA,NA,NA,NA
-87.695,16.475,NA,NA,NA,NA,NA,NA,NA,NA,NA,NA
-87.625,16.475,NA,NA,NA,NA,NA,NA,NA,NA,NA,NA
-87.555,16.475,NA,NA,NA,NA,NA,NA,NA,NA,NA,NA
-87.485,16.475,NA,NA,NA,NA,NA,NA,NA,NA,NA,NA
-87.415,16.475,NA,NA,NA,NA,NA,NA,NA,NA,NA,NA
-88.465,16.405,NA,NA,NA,NA,NA,NA,NA,NA,NA,NA
-88.395,16.405,NA,TRUE,NA,NA,NA,NA,TRUE,NA,NA,NA
-88.325,16.405,NA,TRUE,NA,NA,NA,NA,TRUE,NA,NA,NA
-88.255,16.405,NA,TRUE,NA,NA,NA,NA,TRUE,TRUE,TRUE,NA
-88.185,16.405,NA,TRUE,NA,NA,NA,NA,TRUE,TRUE,TRUE,NA
-88.115,16.405,NA,TRUE,NA,NA,NA,NA,TRUE,TRUE,TRUE,NA
-88.045,16.405,NA,TRUE,NA,NA,NA,NA,NA,TRUE,TRUE,NA
-87.975,16.405,NA,TRUE,NA,NA,NA,NA,NA,NA,NA,NA
-87.905,16.405,NA,TRUE,NA,NA,NA,NA,NA,NA,NA,NA
-87.835,16.405,NA,NA,NA,NA,NA,NA,NA,NA,NA,NA
-87.765,16.405,NA,NA,NA,NA,NA,NA,NA,NA,NA,NA
-87.695,16.405,NA,NA,NA,NA,NA,NA,NA,NA,NA,NA
-87.625,16.405,NA,NA,NA,NA,NA,NA,NA,NA,NA,NA
-87.555,16.405,NA,NA,NA,NA,NA,NA,NA,NA,NA,NA
-87.485,16.405,NA,NA,NA,NA,NA,NA,NA,NA,NA,NA
-87.415,16.405,NA,NA,NA,NA,NA,NA,NA,NA,NA,NA
-88.465,16.335,NA,NA,NA,NA,NA,NA,NA,NA,NA,NA
-88.395,16.335,NA,TRUE,NA,NA,NA,NA,TRUE,NA,NA,NA
-88.325,16.335,NA,TRUE,NA,NA,NA,NA,TRUE,NA,NA,NA
-88.255,16.335,NA,TRUE,NA,NA,NA,NA,TRUE,NA,NA,NA
-88.185,16.335,NA,TRUE,NA,NA,NA,NA,TRUE,NA,NA,NA
-88.115,16.335,NA,TRUE,NA,NA,NA,NA,TRUE,NA,NA,NA
-88.045,16.335,NA,TRUE,NA,NA,NA,NA,NA,NA,NA,NA
-87.975,16.335,NA,TRUE,NA,NA,NA,NA,NA,NA,NA,NA
-87.905,16.335,NA,TRUE,NA,NA,NA,NA,NA,NA,NA,NA
-87.835,16.335,NA,NA,NA,NA,NA,NA,NA,NA,NA,NA
-87.765,16.335,NA,NA,NA,NA,NA,NA,NA,NA,NA,NA
-87.695,16.335,NA,NA,NA,NA,NA,NA,NA,NA,NA,NA
-87.625,16.335,NA,NA,NA,NA,NA,NA,NA,NA,NA,NA
-87.555,16.335,NA,NA,NA,NA,NA,NA,NA,NA,NA,NA
-87.485,16.335,NA,NA,NA,NA,NA,NA,NA,NA,NA,NA
-87.415,16.335,NA,NA,NA,NA,NA,NA,NA,NA,NA,NA
-88.465,16.265,NA,NA,NA,NA,NA,NA,NA,NA,NA,NA
-88.395,16.265,NA,TRUE,NA,NA,NA,NA,NA,NA,NA,NA
-88.325,16.265,NA,TRUE,NA,NA,NA,NA,NA,NA,NA,NA
-88.255,16.265,NA,TRUE,NA,NA,NA,NA,NA,NA,NA,NA
-88.185,16.265,NA,TRUE,NA,NA,NA,NA,NA,NA,NA,NA
-88.115,16.265,NA,TRUE,NA,NA,NA,NA,NA,NA,NA,NA
-88.045,16.265,NA,TRUE,NA,NA,NA,NA,NA,NA,NA,NA
-87.975,16.265,NA,TRUE,NA,NA,NA,NA,NA,NA,NA,NA
-87.905,16.265,NA,TRUE,NA,NA,NA,NA,NA,NA,NA,NA
-87.835,16.265,NA,NA,NA,NA,NA,NA,NA,NA,NA,NA
-87.765,16.265,NA,NA,NA,NA,NA,NA,NA,NA,NA,NA
-87.695,16.265,NA,NA,NA,NA,NA,NA,NA,NA,NA,NA
-87.625,16.265,NA,NA,NA,NA,NA,NA,NA,NA,NA,NA
-87.555,16.265,NA,NA,NA,NA,NA,NA,NA,NA,NA,NA
-87.485,16.265,NA,NA,NA,NA,NA,NA,NA,NA,NA,NA
-87.415,16.265,NA,NA,NA,NA,NA,NA,NA,NA,NA,NA
-88.465,16.195,NA,NA,NA,NA,NA,NA,NA,NA,NA,NA
-88.395,16.195,NA,TRUE,NA,NA,NA,NA,NA,NA,NA,NA
-88.325,16.195,NA,TRUE,NA,NA,NA,NA,NA,NA,NA,NA
-88.255,16.195,NA,TRUE,NA,NA,NA,NA,NA,NA,NA,NA
-88.185,16.195,NA,TRUE,NA,NA,NA,NA,NA,NA,NA,NA
-88.115,16.195,NA,TRUE,NA,NA,NA,NA,NA,NA,NA,NA
-88.045,16.195,NA,TRUE,NA,NA,NA,NA,NA,NA,NA,NA
-87.975,16.195,NA,TRUE,NA,NA,NA,NA,NA,NA,NA,NA
-87.905,16.195,NA,TRUE,NA,NA,NA,NA,NA,NA,NA,NA
-87.835,16.195,NA,NA,NA,NA,NA,NA,NA,NA,NA,NA
-87.765,16.195,NA,NA,NA,NA,NA,NA,NA,NA,NA,NA
-87.695,16.195,NA,NA,NA,NA,NA,NA,NA,NA,NA,NA
-87.625,16.195,NA,NA,NA,NA,NA,NA,NA,NA,NA,NA
-87.555,16.195,NA,NA,NA,NA,NA,NA,NA,NA,NA,NA
-87.485,16.195,NA,NA,NA,NA,NA,NA,NA,NA,NA,NA
-87.415,16.195,NA,NA,NA,NA,NA,NA,NA,NA,NA,NA
-88.465,16.125,NA,NA,NA,NA,NA,NA,NA,NA,NA,NA
-88.395,16.125,NA,TRUE,NA,NA,NA,NA,NA,NA,NA,NA
-88.325,16.125,NA,TRUE,NA,NA,NA,NA,NA,NA,NA,NA
-88.255,16.125,NA,TRUE,NA,NA,NA,NA,NA,NA,NA,NA
-88.185,16.125,NA,TRUE,NA,NA,NA,NA,NA,NA,NA,NA
-88.115,16.125,NA,TRUE,NA,NA,NA,NA,NA,NA,NA,NA
-88.045,16.125,NA,TRUE,NA,NA,NA,NA,NA,NA,NA,NA
-87.975,16.125,NA,TRUE,NA,NA,NA,NA,NA,NA,NA,NA
-87.905,16.125,NA,TRUE,NA,NA,NA,NA,NA,NA,NA,NA
-87.835,16.125,NA,NA,NA,NA,NA,NA,NA,NA,NA,NA
-87.765,16.125,NA,NA,NA,NA,NA,NA,NA,NA,NA,NA
-87.695,16.125,NA,NA,NA,NA,NA,NA,NA,NA,NA,NA
-87.625,16.125,NA,NA,NA,NA,NA,NA,NA,NA,NA,NA
-87.555,16.125,NA,NA,NA,NA,NA,NA,NA,NA,NA,NA
-87.485,16.125,NA,NA,NA,NA,NA,NA,NA,NA,NA,NA
-87.415,16.125,NA,NA,NA,NA,NA,NA,NA,NA,NA,NA
-88.465,16.055,NA,NA,NA,NA,NA,NA,NA,NA,NA,NA
-88.395,16.055,NA,NA,NA,NA,NA,NA,NA,NA,NA,NA
-88.325,16.055,NA,NA,NA,NA,NA,NA,NA,NA,NA,NA
-88.255,16.055,NA,NA,NA,NA,NA,NA,NA,NA,NA,NA
-88.185,16.055,NA,NA,NA,NA,NA,NA,NA,NA,NA,NA
-88.115,16.055,NA,NA,NA,NA,NA,NA,NA,NA,NA,NA
-88.045,16.055,NA,NA,NA,NA,NA,NA,NA,NA,NA,NA
-87.975,16.055,NA,NA,NA,NA,NA,NA,NA,NA,NA,NA
-87.905,16.055,NA,NA,NA,NA,NA,NA,NA,NA,NA,NA
-87.835,16.055,NA,NA,NA,NA,NA,NA,NA,NA,NA,NA
-87.765,16.055,NA,NA,NA,NA,NA,NA,NA,NA,NA,NA
-87.695,16.055,NA,NA,NA,NA,NA,NA,NA,NA,NA,NA
-87.625,16.055,NA,NA,NA,NA,NA,NA,NA,NA,NA,NA
-87.555,16.055,NA,NA,NA,NA,NA,NA,NA,NA,NA,NA
-87.485,16.055,NA,NA,NA,NA,NA,NA,NA,NA,NA,NA
-87.415,16.055,NA,NA,NA,NA,NA,NA,NA,NA,NA,NA
-88.465,15.985,NA,NA,NA,NA,NA,NA,NA,NA,NA,NA
-88.395,15.985,NA,NA,NA,NA,NA,NA,NA,NA,NA,NA
-88.325,15.985,NA,NA,NA,NA,NA,NA,NA,NA,NA,NA
-88.255,15.985,NA,NA,NA,NA,NA,NA,NA,NA,NA,NA
-88.185,15.985,NA,NA,NA,NA,NA,NA,NA,NA,NA,NA
-88.115,15.985,NA,NA,NA,NA,NA,NA,NA,NA,NA,NA
-88.045,15.985,NA,NA,NA,NA,NA,NA,NA,NA,NA,NA
-87.975,15.985,NA,NA,NA,NA,NA,NA,NA,NA,NA,NA
-87.905,15.985,NA,NA,NA,NA,NA,NA,NA,NA,NA,NA
-87.835,15.985,NA,NA,NA,NA,NA,NA,NA,NA,NA,NA
-87.765,15.985,NA,NA,NA,NA,NA,NA,NA,NA,NA,NA
-87.695,15.985,NA,NA,NA,NA,NA,NA,NA,NA,NA,NA
-87.625,15.985,NA,NA,NA,NA,NA,NA,NA,NA,NA,NA
-87.555,15.985,NA,NA,NA,NA,NA,NA,NA,NA,NA,NA
-87.485,15.985,NA,NA,NA,NA,NA,NA,NA,NA,NA,NA
-87.415,15.985,NA,NA,NA,NA,NA,NA,NA,NA,NA,NA
