"x","y","seagrass_ras"
-88.465,18.435,NA
-88.395,18.435,NA
-88.325,18.435,NA
-88.255,18.435,NA
-88.185,18.435,NA
-88.115,18.435,NA
-88.045,18.435,NA
-87.975,18.435,NA
-87.905,18.435,NA
-87.835,18.435,NA
-87.765,18.435,NA
-87.695,18.435,NA
-87.625,18.435,NA
-87.555,18.435,NA
-87.485,18.435,NA
-87.415,18.435,NA
-88.465,18.365,NA
-88.395,18.365,NA
-88.325,18.365,NA
-88.255,18.365,NA
-88.185,18.365,NA
-88.115,18.365,NA
-88.045,18.365,NA
-87.975,18.365,NA
-87.905,18.365,NA
-87.835,18.365,NA
-87.765,18.365,NA
-87.695,18.365,NA
-87.625,18.365,NA
-87.555,18.365,NA
-87.485,18.365,NA
-87.415,18.365,NA
-88.465,18.295,NA
-88.395,18.295,NA
-88.325,18.295,NA
-88.255,18.295,NA
-88.185,18.295,NA
-88.115,18.295,NA
-88.045,18.295,NA
-87.975,18.295,NA
-87.905,18.295,NA
-87.835,18.295,NA
-87.765,18.295,NA
-87.695,18.295,NA
-87.625,18.295,NA
-87.555,18.295,NA
-87.485,18.295,NA
-87.415,18.295,NA
-88.465,18.225,NA
-88.395,18.225,NA
-88.325,18.225,NA
-88.255,18.225,NA
-88.185,18.225,NA
-88.115,18.225,NA
-88.045,18.225,NA
-87.975,18.225,NA
-87.905,18.225,NA
-87.835,18.225,NA
-87.765,18.225,NA
-87.695,18.225,NA
-87.625,18.225,NA
-87.555,18.225,NA
-87.485,18.225,NA
-87.415,18.225,NA
-88.465,18.155,NA
-88.395,18.155,NA
-88.325,18.155,NA
-88.255,18.155,NA
-88.185,18.155,NA
-88.115,18.155,NA
-88.045,18.155,NA
-87.975,18.155,NA
-87.905,18.155,61.6500015258789
-87.835,18.155,341.459991455078
-87.765,18.155,NA
-87.695,18.155,NA
-87.625,18.155,NA
-87.555,18.155,NA
-87.485,18.155,NA
-87.415,18.155,NA
-88.465,18.085,NA
-88.395,18.085,NA
-88.325,18.085,NA
-88.255,18.085,NA
-88.185,18.085,NA
-88.115,18.085,NA
-88.045,18.085,NA
-87.975,18.085,15.8400001525879
-87.905,18.085,26.0100002288818
-87.835,18.085,NA
-87.765,18.085,NA
-87.695,18.085,NA
-87.625,18.085,NA
-87.555,18.085,NA
-87.485,18.085,NA
-87.415,18.085,NA
-88.465,18.015,NA
-88.395,18.015,NA
-88.325,18.015,NA
-88.255,18.015,NA
-88.185,18.015,NA
-88.115,18.015,119.160003662109
-88.045,18.015,NA
-87.975,18.015,NA
-87.905,18.015,388.260009765625
-87.835,18.015,NA
-87.765,18.015,NA
-87.695,18.015,NA
-87.625,18.015,NA
-87.555,18.015,NA
-87.485,18.015,NA
-87.415,18.015,NA
-88.465,17.945,NA
-88.395,17.945,NA
-88.325,17.945,NA
-88.255,17.945,NA
-88.185,17.945,224.279998779297
-88.115,17.945,341.010009765625
-88.045,17.945,NA
-87.975,17.945,252.089996337891
-87.905,17.945,NA
-87.835,17.945,NA
-87.765,17.945,NA
-87.695,17.945,NA
-87.625,17.945,NA
-87.555,17.945,NA
-87.485,17.945,NA
-87.415,17.945,NA
-88.465,17.875,NA
-88.395,17.875,NA
-88.325,17.875,NA
-88.255,17.875,NA
-88.185,17.875,849.330017089844
-88.115,17.875,926.190002441406
-88.045,17.875,898.289978027344
-87.975,17.875,569.429992675781
-87.905,17.875,NA
-87.835,17.875,NA
-87.765,17.875,NA
-87.695,17.875,NA
-87.625,17.875,NA
-87.555,17.875,NA
-87.485,17.875,NA
-87.415,17.875,NA
-88.465,17.805,NA
-88.395,17.805,NA
-88.325,17.805,NA
-88.255,17.805,NA
-88.185,17.805,998.460021972656
-88.115,17.805,998.369995117188
-88.045,17.805,995.130004882812
-87.975,17.805,81.7200012207031
-87.905,17.805,NA
-87.835,17.805,NA
-87.765,17.805,NA
-87.695,17.805,NA
-87.625,17.805,NA
-87.555,17.805,NA
-87.485,17.805,NA
-87.415,17.805,NA
-88.465,17.735,NA
-88.395,17.735,NA
-88.325,17.735,NA
-88.255,17.735,19.8899993896484
-88.185,17.735,414.269989013672
-88.115,17.735,992.700012207031
-88.045,17.735,777.239990234375
-87.975,17.735,NA
-87.905,17.735,NA
-87.835,17.735,NA
-87.765,17.735,NA
-87.695,17.735,NA
-87.625,17.735,NA
-87.555,17.735,NA
-87.485,17.735,NA
-87.415,17.735,NA
-88.465,17.665,NA
-88.395,17.665,NA
-88.325,17.665,NA
-88.255,17.665,530.190002441406
-88.185,17.665,313.829986572266
-88.115,17.665,694.710021972656
-88.045,17.665,916.830017089844
-87.975,17.665,NA
-87.905,17.665,NA
-87.835,17.665,NA
-87.765,17.665,NA
-87.695,17.665,NA
-87.625,17.665,NA
-87.555,17.665,NA
-87.485,17.665,NA
-87.415,17.665,NA
-88.465,17.595,NA
-88.395,17.595,NA
-88.325,17.595,NA
-88.255,17.595,998.549987792969
-88.185,17.595,249.029998779297
-88.115,17.595,540.450012207031
-88.045,17.595,245.610000610352
-87.975,17.595,NA
-87.905,17.595,NA
-87.835,17.595,NA
-87.765,17.595,132.389999389648
-87.695,17.595,NA
-87.625,17.595,NA
-87.555,17.595,NA
-87.485,17.595,NA
-87.415,17.595,NA
-88.465,17.525,NA
-88.395,17.525,NA
-88.325,17.525,NA
-88.255,17.525,2.0699999332428
-88.185,17.525,690.210021972656
-88.115,17.525,985.77001953125
-88.045,17.525,7.28999996185303
-87.975,17.525,NA
-87.905,17.525,NA
-87.835,17.525,0.72000002861023
-87.765,17.525,116.459999084473
-87.695,17.525,NA
-87.625,17.525,NA
-87.555,17.525,NA
-87.485,17.525,NA
-87.415,17.525,NA
-88.465,17.455,NA
-88.395,17.455,NA
-88.325,17.455,NA
-88.255,17.455,57.5099983215332
-88.185,17.455,NA
-88.115,17.455,NA
-88.045,17.455,371.970001220703
-87.975,17.455,NA
-87.905,17.455,603
-87.835,17.455,222.389999389648
-87.765,17.455,NA
-87.695,17.455,NA
-87.625,17.455,NA
-87.555,17.455,NA
-87.485,17.455,531.630004882812
-87.415,17.455,NA
-88.465,17.385,NA
-88.395,17.385,NA
-88.325,17.385,NA
-88.255,17.385,NA
-88.185,17.385,196.380004882812
-88.115,17.385,230.580001831055
-88.045,17.385,346.410003662109
-87.975,17.385,NA
-87.905,17.385,671.400024414062
-87.835,17.385,977.219970703125
-87.765,17.385,NA
-87.695,17.385,NA
-87.625,17.385,NA
-87.555,17.385,93.5999984741211
-87.485,17.385,31.7700004577637
-87.415,17.385,NA
-88.465,17.315,NA
-88.395,17.315,NA
-88.325,17.315,NA
-88.255,17.315,NA
-88.185,17.315,449.190002441406
-88.115,17.315,1004.13000488281
-88.045,17.315,53.5499992370605
-87.975,17.315,NA
-87.905,17.315,973.710021972656
-87.835,17.315,1000.71002197266
-87.765,17.315,NA
-87.695,17.315,NA
-87.625,17.315,NA
-87.555,17.315,604.440002441406
-87.485,17.315,NA
-87.415,17.315,NA
-88.465,17.245,NA
-88.395,17.245,NA
-88.325,17.245,NA
-88.255,17.245,NA
-88.185,17.245,NA
-88.115,17.245,3.42000007629395
-88.045,17.245,57.4199981689453
-87.975,17.245,NA
-87.905,17.245,840.330017089844
-87.835,17.245,0.540000021457672
-87.765,17.245,NA
-87.695,17.245,NA
-87.625,17.245,4.67999982833862
-87.555,17.245,705.960021972656
-87.485,17.245,NA
-87.415,17.245,NA
-88.465,17.175,NA
-88.395,17.175,NA
-88.325,17.175,NA
-88.255,17.175,NA
-88.185,17.175,NA
-88.115,17.175,59.0400009155273
-88.045,17.175,0.360000014305115
-87.975,17.175,NA
-87.905,17.175,376.829986572266
-87.835,17.175,NA
-87.765,17.175,NA
-87.695,17.175,NA
-87.625,17.175,125.279998779297
-87.555,17.175,NA
-87.485,17.175,NA
-87.415,17.175,NA
-88.465,17.105,NA
-88.395,17.105,NA
-88.325,17.105,NA
-88.255,17.105,NA
-88.185,17.105,1.79999995231628
-88.115,17.105,NA
-88.045,17.105,627.390014648438
-87.975,17.105,NA
-87.905,17.105,NA
-87.835,17.105,NA
-87.765,17.105,NA
-87.695,17.105,NA
-87.625,17.105,1.52999997138977
-87.555,17.105,NA
-87.485,17.105,NA
-87.415,17.105,NA
-88.465,17.035,NA
-88.395,17.035,NA
-88.325,17.035,NA
-88.255,17.035,NA
-88.185,17.035,NA
-88.115,17.035,NA
-88.045,17.035,466.380004882812
-87.975,17.035,NA
-87.905,17.035,NA
-87.835,17.035,NA
-87.765,17.035,NA
-87.695,17.035,NA
-87.625,17.035,NA
-87.555,17.035,NA
-87.485,17.035,NA
-87.415,17.035,NA
-88.465,16.965,NA
-88.395,16.965,NA
-88.325,16.965,NA
-88.255,16.965,NA
-88.185,16.965,NA
-88.115,16.965,137.339996337891
-88.045,16.965,46.0800018310547
-87.975,16.965,NA
-87.905,16.965,NA
-87.835,16.965,NA
-87.765,16.965,NA
-87.695,16.965,NA
-87.625,16.965,NA
-87.555,16.965,NA
-87.485,16.965,NA
-87.415,16.965,NA
-88.465,16.895,NA
-88.395,16.895,NA
-88.325,16.895,NA
-88.255,16.895,NA
-88.185,16.895,NA
-88.115,16.895,657.539978027344
-88.045,16.895,217.259994506836
-87.975,16.895,NA
-87.905,16.895,NA
-87.835,16.895,NA
-87.765,16.895,489.600006103516
-87.695,16.895,174.509994506836
-87.625,16.895,NA
-87.555,16.895,NA
-87.485,16.895,NA
-87.415,16.895,NA
-88.465,16.825,NA
-88.395,16.825,NA
-88.325,16.825,NA
-88.255,16.825,NA
-88.185,16.825,23.8500003814697
-88.115,16.825,846.090026855469
-88.045,16.825,NA
-87.975,16.825,NA
-87.905,16.825,NA
-87.835,16.825,596.880004882812
-87.765,16.825,241.199996948242
-87.695,16.825,NA
-87.625,16.825,NA
-87.555,16.825,NA
-87.485,16.825,NA
-87.415,16.825,NA
-88.465,16.755,NA
-88.395,16.755,NA
-88.325,16.755,NA
-88.255,16.755,NA
-88.185,16.755,NA
-88.115,16.755,682.380004882812
-88.045,16.755,NA
-87.975,16.755,NA
-87.905,16.755,NA
-87.835,16.755,18.3600006103516
-87.765,16.755,26.9099998474121
-87.695,16.755,NA
-87.625,16.755,NA
-87.555,16.755,NA
-87.485,16.755,NA
-87.415,16.755,NA
-88.465,16.685,NA
-88.395,16.685,NA
-88.325,16.685,NA
-88.255,16.685,NA
-88.185,16.685,25.3799991607666
-88.115,16.685,176.309997558594
-88.045,16.685,NA
-87.975,16.685,NA
-87.905,16.685,NA
-87.835,16.685,NA
-87.765,16.685,NA
-87.695,16.685,NA
-87.625,16.685,NA
-87.555,16.685,NA
-87.485,16.685,NA
-87.415,16.685,NA
-88.465,16.615,NA
-88.395,16.615,NA
-88.325,16.615,NA
-88.255,16.615,NA
-88.185,16.615,37.9799995422363
-88.115,16.615,30.3299999237061
-88.045,16.615,14.6700000762939
-87.975,16.615,NA
-87.905,16.615,NA
-87.835,16.615,NA
-87.765,16.615,NA
-87.695,16.615,NA
-87.625,16.615,NA
-87.555,16.615,NA
-87.485,16.615,NA
-87.415,16.615,NA
-88.465,16.545,NA
-88.395,16.545,NA
-88.325,16.545,NA
-88.255,16.545,NA
-88.185,16.545,31.7700004577637
-88.115,16.545,50.7599983215332
-88.045,16.545,47.8800010681152
-87.975,16.545,26.8199996948242
-87.905,16.545,NA
-87.835,16.545,NA
-87.765,16.545,NA
-87.695,16.545,NA
-87.625,16.545,NA
-87.555,16.545,NA
-87.485,16.545,NA
-87.415,16.545,NA
-88.465,16.475,NA
-88.395,16.475,NA
-88.325,16.475,0.270000010728836
-88.255,16.475,NA
-88.185,16.475,13.4099998474121
-88.115,16.475,3.24000000953674
-88.045,16.475,96.2099990844727
-87.975,16.475,15.9300003051758
-87.905,16.475,NA
-87.835,16.475,NA
-87.765,16.475,NA
-87.695,16.475,NA
-87.625,16.475,NA
-87.555,16.475,NA
-87.485,16.475,NA
-87.415,16.475,NA
-88.465,16.405,NA
-88.395,16.405,NA
-88.325,16.405,NA
-88.255,16.405,58.5
-88.185,16.405,6.21000003814697
-88.115,16.405,42.1199989318848
-88.045,16.405,272.880004882812
-87.975,16.405,NA
-87.905,16.405,NA
-87.835,16.405,NA
-87.765,16.405,NA
-87.695,16.405,NA
-87.625,16.405,NA
-87.555,16.405,NA
-87.485,16.405,NA
-87.415,16.405,NA
-88.465,16.335,NA
-88.395,16.335,NA
-88.325,16.335,13.1400003433228
-88.255,16.335,0.810000002384186
-88.185,16.335,55.6199989318848
-88.115,16.335,100.26000213623
-88.045,16.335,NA
-87.975,16.335,NA
-87.905,16.335,NA
-87.835,16.335,NA
-87.765,16.335,NA
-87.695,16.335,NA
-87.625,16.335,NA
-87.555,16.335,NA
-87.485,16.335,NA
-87.415,16.335,NA
-88.465,16.265,NA
-88.395,16.265,NA
-88.325,16.265,NA
-88.255,16.265,NA
-88.185,16.265,352.890014648438
-88.115,16.265,NA
-88.045,16.265,NA
-87.975,16.265,NA
-87.905,16.265,NA
-87.835,16.265,NA
-87.765,16.265,NA
-87.695,16.265,NA
-87.625,16.265,NA
-87.555,16.265,NA
-87.485,16.265,NA
-87.415,16.265,NA
-88.465,16.195,NA
-88.395,16.195,8.27999973297119
-88.325,16.195,39.8699989318848
-88.255,16.195,8.72999954223633
-88.185,16.195,16.7399997711182
-88.115,16.195,NA
-88.045,16.195,NA
-87.975,16.195,NA
-87.905,16.195,NA
-87.835,16.195,NA
-87.765,16.195,NA
-87.695,16.195,NA
-87.625,16.195,NA
-87.555,16.195,NA
-87.485,16.195,NA
-87.415,16.195,NA
-88.465,16.125,0.810000002384186
-88.395,16.125,5.40000009536743
-88.325,16.125,27.4500007629395
-88.255,16.125,232.919998168945
-88.185,16.125,NA
-88.115,16.125,NA
-88.045,16.125,NA
-87.975,16.125,NA
-87.905,16.125,NA
-87.835,16.125,NA
-87.765,16.125,NA
-87.695,16.125,NA
-87.625,16.125,NA
-87.555,16.125,NA
-87.485,16.125,NA
-87.415,16.125,NA
-88.465,16.055,NA
-88.395,16.055,NA
-88.325,16.055,5.13000011444092
-88.255,16.055,NA
-88.185,16.055,NA
-88.115,16.055,NA
-88.045,16.055,NA
-87.975,16.055,NA
-87.905,16.055,NA
-87.835,16.055,NA
-87.765,16.055,NA
-87.695,16.055,NA
-87.625,16.055,NA
-87.555,16.055,NA
-87.485,16.055,NA
-87.415,16.055,NA
-88.465,15.985,NA
-88.395,15.985,NA
-88.325,15.985,NA
-88.255,15.985,NA
-88.185,15.985,NA
-88.115,15.985,NA
-88.045,15.985,NA
-87.975,15.985,NA
-87.905,15.985,NA
-87.835,15.985,NA
-87.765,15.985,NA
-87.695,15.985,NA
-87.625,15.985,NA
-87.555,15.985,NA
-87.485,15.985,NA
-87.415,15.985,NA
