"x","y","seagrass_reef_ras"
-88.465,18.435,NA
-88.395,18.435,NA
-88.325,18.435,NA
-88.255,18.435,NA
-88.185,18.435,NA
-88.115,18.435,NA
-88.045,18.435,NA
-87.975,18.435,NA
-87.905,18.435,NA
-87.835,18.435,NA
-87.765,18.435,NA
-87.695,18.435,NA
-87.625,18.435,NA
-87.555,18.435,NA
-87.485,18.435,NA
-87.415,18.435,NA
-88.465,18.365,NA
-88.395,18.365,NA
-88.325,18.365,NA
-88.255,18.365,NA
-88.185,18.365,NA
-88.115,18.365,NA
-88.045,18.365,NA
-87.975,18.365,NA
-87.905,18.365,NA
-87.835,18.365,NA
-87.765,18.365,NA
-87.695,18.365,NA
-87.625,18.365,NA
-87.555,18.365,NA
-87.485,18.365,NA
-87.415,18.365,NA
-88.465,18.295,NA
-88.395,18.295,NA
-88.325,18.295,NA
-88.255,18.295,NA
-88.185,18.295,NA
-88.115,18.295,NA
-88.045,18.295,NA
-87.975,18.295,NA
-87.905,18.295,NA
-87.835,18.295,NA
-87.765,18.295,NA
-87.695,18.295,NA
-87.625,18.295,NA
-87.555,18.295,NA
-87.485,18.295,NA
-87.415,18.295,NA
-88.465,18.225,NA
-88.395,18.225,NA
-88.325,18.225,NA
-88.255,18.225,NA
-88.185,18.225,NA
-88.115,18.225,NA
-88.045,18.225,NA
-87.975,18.225,NA
-87.905,18.225,NA
-87.835,18.225,NA
-87.765,18.225,NA
-87.695,18.225,NA
-87.625,18.225,NA
-87.555,18.225,NA
-87.485,18.225,NA
-87.415,18.225,NA
-88.465,18.155,NA
-88.395,18.155,NA
-88.325,18.155,NA
-88.255,18.155,NA
-88.185,18.155,NA
-88.115,18.155,NA
-88.045,18.155,NA
-87.975,18.155,NA
-87.905,18.155,130.807502110799
-87.835,18.155,368.11249160774
-87.765,18.155,NA
-87.695,18.155,NA
-87.625,18.155,NA
-87.555,18.155,NA
-87.485,18.155,NA
-87.415,18.155,NA
-88.465,18.085,NA
-88.395,18.085,NA
-88.325,18.085,NA
-88.255,18.085,NA
-88.185,18.085,NA
-88.115,18.085,NA
-88.045,18.085,NA
-87.975,18.085,308.175004959093
-87.905,18.085,148.54500341416
-87.835,18.085,89.5049985249365
-87.765,18.085,NA
-87.695,18.085,NA
-87.625,18.085,NA
-87.555,18.085,NA
-87.485,18.085,NA
-87.415,18.085,NA
-88.465,18.015,NA
-88.395,18.015,NA
-88.325,18.015,NA
-88.255,18.015,NA
-88.185,18.015,NA
-88.115,18.015,NA
-88.045,18.015,6.15999990039516
-87.975,18.015,36.0199995836214
-87.905,18.015,327.75750541687
-87.835,18.015,NA
-87.765,18.015,NA
-87.695,18.015,NA
-87.625,18.015,NA
-87.555,18.015,NA
-87.485,18.015,NA
-87.415,18.015,NA
-88.465,17.945,NA
-88.395,17.945,NA
-88.325,17.945,NA
-88.255,17.945,NA
-88.185,17.945,102.717498355403
-88.115,17.945,269.677502950024
-88.045,17.945,284.055002000553
-87.975,17.945,421.872508578983
-87.905,17.945,449.520017623914
-87.835,17.945,NA
-87.765,17.945,NA
-87.695,17.945,NA
-87.625,17.945,NA
-87.555,17.945,NA
-87.485,17.945,NA
-87.415,17.945,NA
-88.465,17.875,NA
-88.395,17.875,NA
-88.325,17.875,NA
-88.255,17.875,NA
-88.185,17.875,601.237513224252
-88.115,17.875,830.15998840332
-88.045,17.875,882.757512410486
-87.975,17.875,700.522497812683
-87.905,17.875,NA
-87.835,17.875,NA
-87.765,17.875,NA
-87.695,17.875,NA
-87.625,17.875,NA
-87.555,17.875,NA
-87.485,17.875,NA
-87.415,17.875,NA
-88.465,17.805,NA
-88.395,17.805,NA
-88.325,17.805,NA
-88.255,17.805,NA
-88.185,17.805,964.594980875638
-88.115,17.805,999.300008138021
-88.045,17.805,1004.54000006781
-87.975,17.805,304.970002916176
-87.905,17.805,NA
-87.835,17.805,NA
-87.765,17.805,NA
-87.695,17.805,NA
-87.625,17.805,NA
-87.555,17.805,NA
-87.485,17.805,NA
-87.415,17.805,NA
-88.465,17.735,NA
-88.395,17.735,NA
-88.325,17.735,NA
-88.255,17.735,50.1100006103399
-88.185,17.735,826.947507222487
-88.115,17.735,989.392476399742
-88.045,17.735,828.715006510477
-87.975,17.735,0.899999976158142
-87.905,17.735,NA
-87.835,17.735,NA
-87.765,17.735,NA
-87.695,17.735,NA
-87.625,17.735,NA
-87.555,17.735,NA
-87.485,17.735,NA
-87.415,17.735,NA
-88.465,17.665,NA
-88.395,17.665,NA
-88.325,17.665,NA
-88.255,17.665,624.097507476889
-88.185,17.665,101.422497789006
-88.115,17.665,797.512512207031
-88.045,17.665,930.34498596194
-87.975,17.665,NA
-87.905,17.665,NA
-87.835,17.665,NA
-87.765,17.665,NA
-87.695,17.665,NA
-87.625,17.665,NA
-87.555,17.665,NA
-87.485,17.665,NA
-87.415,17.665,NA
-88.465,17.595,NA
-88.395,17.595,NA
-88.325,17.595,75.7799995740265
-88.255,17.595,947.614990234423
-88.185,17.595,449.205000347513
-88.115,17.595,733.492502848306
-88.045,17.595,658.324983384991
-87.975,17.595,NA
-87.905,17.595,NA
-87.835,17.595,NA
-87.765,17.595,241.49250157675
-87.695,17.595,NA
-87.625,17.595,NA
-87.555,17.595,NA
-87.485,17.595,NA
-87.415,17.595,NA
-88.465,17.525,NA
-88.395,17.525,NA
-88.325,17.525,NA
-88.255,17.525,19.8650001486147
-88.185,17.525,161.122499730767
-88.115,17.525,826.417500813809
-88.045,17.525,331.912499322138
-87.975,17.525,NA
-87.905,17.525,NA
-87.835,17.525,213.987497541578
-87.765,17.525,293.397508621248
-87.695,17.525,NA
-87.625,17.525,NA
-87.555,17.525,NA
-87.485,17.525,NA
-87.415,17.525,NA
-88.465,17.455,NA
-88.395,17.455,NA
-88.325,17.455,NA
-88.255,17.455,30.7424992918965
-88.185,17.455,11.4300003051758
-88.115,17.455,97.4025008678436
-88.045,17.455,775.94248453778
-87.975,17.455,NA
-87.905,17.455,408.960006713867
-87.835,17.455,589.889987945554
-87.765,17.455,NA
-87.695,17.455,NA
-87.625,17.455,NA
-87.555,17.455,210.509996891022
-87.485,17.455,606.825017929077
-87.415,17.455,NA
-88.465,17.385,NA
-88.395,17.385,NA
-88.325,17.385,NA
-88.255,17.385,NA
-88.185,17.385,221.580001831055
-88.115,17.385,398.985005696618
-88.045,17.385,830.160017225482
-87.975,17.385,NA
-87.905,17.385,762.637512207034
-87.835,17.385,949.04497612847
-87.765,17.385,NA
-87.695,17.385,NA
-87.625,17.385,NA
-87.555,17.385,346.127506680099
-87.485,17.385,729.494995117182
-87.415,17.385,250.209998236767
-88.465,17.315,NA
-88.395,17.315,NA
-88.325,17.315,NA
-88.255,17.315,NA
-88.185,17.315,535.649991869876
-88.115,17.315,986.767517089832
-88.045,17.315,686.362476772953
-87.975,17.315,153.927499877351
-87.905,17.315,861.082509358726
-87.835,17.315,944.357513427707
-87.765,17.315,292.440005832245
-87.695,17.315,NA
-87.625,17.315,NA
-87.555,17.315,765.672522650824
-87.485,17.315,334.350006103516
-87.415,17.315,NA
-88.465,17.245,NA
-88.395,17.245,NA
-88.325,17.245,NA
-88.255,17.245,NA
-88.185,17.245,0.899999976158142
-88.115,17.245,157.635003089887
-88.045,17.245,425.01750055977
-87.975,17.245,661.545013427731
-87.905,17.245,880.920013427726
-87.835,17.245,484.117511749185
-87.765,17.245,NA
-87.695,17.245,NA
-87.625,17.245,58.5
-87.555,17.245,840.554987589421
-87.485,17.245,108.225000381467
-87.415,17.245,NA
-88.465,17.175,NA
-88.395,17.175,NA
-88.325,17.175,NA
-88.255,17.175,NA
-88.185,17.175,1.88999998569489
-88.115,17.175,61.5750007629389
-88.045,17.175,203.170001983899
-87.975,17.175,NA
-87.905,17.175,660.742502848297
-87.835,17.175,100.545000076224
-87.765,17.175,NA
-87.695,17.175,NA
-87.625,17.175,391.227506849394
-87.555,17.175,228.195004781069
-87.485,17.175,NA
-87.415,17.175,NA
-88.465,17.105,NA
-88.395,17.105,NA
-88.325,17.105,NA
-88.255,17.105,NA
-88.185,17.105,1.4799999925825
-88.115,17.105,362.610005696621
-88.045,17.105,446.70250193283
-87.975,17.105,NA
-87.905,17.105,NA
-87.835,17.105,NA
-87.765,17.105,NA
-87.695,17.105,NA
-87.625,17.105,31.2299995422363
-87.555,17.105,NA
-87.485,17.105,NA
-87.415,17.105,NA
-88.465,17.035,NA
-88.395,17.035,NA
-88.325,17.035,NA
-88.255,17.035,NA
-88.185,17.035,1.75500005483626
-88.115,17.035,162.990004539483
-88.045,17.035,466.469993591292
-87.975,17.035,109.215002059945
-87.905,17.035,NA
-87.835,17.035,NA
-87.765,17.035,NA
-87.695,17.035,NA
-87.625,17.035,NA
-87.555,17.035,NA
-87.485,17.035,NA
-87.415,17.035,NA
-88.465,16.965,NA
-88.395,16.965,NA
-88.325,16.965,NA
-88.255,16.965,NA
-88.185,16.965,NA
-88.115,16.965,356.445002237966
-88.045,16.965,492.515006171361
-87.975,16.965,NA
-87.905,16.965,NA
-87.835,16.965,NA
-87.765,16.965,NA
-87.695,16.965,NA
-87.625,16.965,NA
-87.555,16.965,NA
-87.485,16.965,NA
-87.415,16.965,NA
-88.465,16.895,NA
-88.395,16.895,NA
-88.325,16.895,NA
-88.255,16.895,NA
-88.185,16.895,NA
-88.115,16.895,465.104997560383
-88.045,16.895,92.7725022635525
-87.975,16.895,NA
-87.905,16.895,NA
-87.835,16.895,NA
-87.765,16.895,953.752467685357
-87.695,16.895,495.457509358735
-87.625,16.895,NA
-87.555,16.895,NA
-87.485,16.895,NA
-87.415,16.895,NA
-88.465,16.825,NA
-88.395,16.825,NA
-88.325,16.825,NA
-88.255,16.825,NA
-88.185,16.825,55.4099985758356
-88.115,16.825,618.614990234375
-88.045,16.825,38.8800001144409
-87.975,16.825,NA
-87.905,16.825,NA
-87.835,16.825,744.104988098267
-87.765,16.825,545.167500813855
-87.695,16.825,NA
-87.625,16.825,NA
-87.555,16.825,NA
-87.485,16.825,NA
-87.415,16.825,NA
-88.465,16.755,NA
-88.395,16.755,NA
-88.325,16.755,NA
-88.255,16.755,NA
-88.185,16.755,89.8600018818778
-88.115,16.755,480.247497558591
-88.045,16.755,90.6600011189825
-87.975,16.755,NA
-87.905,16.755,215.819996754332
-87.835,16.755,668.25752088758
-87.765,16.755,297.550004747171
-87.695,16.755,NA
-87.625,16.755,NA
-87.555,16.755,NA
-87.485,16.755,NA
-87.415,16.755,NA
-88.465,16.685,NA
-88.395,16.685,NA
-88.325,16.685,NA
-88.255,16.685,NA
-88.185,16.685,225.217499203115
-88.115,16.685,468.735005696611
-88.045,16.685,419.440002441353
-87.975,16.685,NA
-87.905,16.685,NA
-87.835,16.685,NA
-87.765,16.685,NA
-87.695,16.685,NA
-87.625,16.685,NA
-87.555,16.685,NA
-87.485,16.685,NA
-87.415,16.685,NA
-88.465,16.615,NA
-88.395,16.615,NA
-88.325,16.615,28.7099990844727
-88.255,16.615,NA
-88.185,16.615,333.240001678417
-88.115,16.615,581.445007324219
-88.045,16.615,418.754994710413
-87.975,16.615,NA
-87.905,16.615,NA
-87.835,16.615,NA
-87.765,16.615,NA
-87.695,16.615,NA
-87.625,16.615,NA
-87.555,16.615,NA
-87.485,16.615,NA
-87.415,16.615,NA
-88.465,16.545,NA
-88.395,16.545,NA
-88.325,16.545,8.45999979972839
-88.255,16.545,15.8799994256776
-88.185,16.545,227.617501735722
-88.115,16.545,322.889998912811
-88.045,16.545,605.297498067214
-87.975,16.545,332.910003662109
-87.905,16.545,NA
-87.835,16.545,NA
-87.765,16.545,NA
-87.695,16.545,NA
-87.625,16.545,NA
-87.555,16.545,NA
-87.485,16.545,NA
-87.415,16.545,NA
-88.465,16.475,NA
-88.395,16.475,4.49999992052569
-88.325,16.475,252.982507069905
-88.255,16.475,255.697495354527
-88.185,16.475,70.1150008307503
-88.115,16.475,225.847503453489
-88.045,16.475,594.359988742331
-87.975,16.475,208.440002441406
-87.905,16.475,NA
-87.835,16.475,NA
-87.765,16.475,NA
-87.695,16.475,NA
-87.625,16.475,NA
-87.555,16.475,NA
-87.485,16.475,NA
-87.415,16.475,NA
-88.465,16.405,NA
-88.395,16.405,72.5324993133501
-88.325,16.405,391.882499694821
-88.255,16.405,140.820000966348
-88.185,16.405,49.5225000381348
-88.115,16.405,615.015007019057
-88.045,16.405,477.697489420686
-87.975,16.405,NA
-87.905,16.405,NA
-87.835,16.405,NA
-87.765,16.405,NA
-87.695,16.405,NA
-87.625,16.405,NA
-87.555,16.405,NA
-87.485,16.405,NA
-87.415,16.405,NA
-88.465,16.335,NA
-88.395,16.335,55.3000002701947
-88.325,16.335,191.09249941509
-88.255,16.335,57.4449990193113
-88.185,16.335,274.729994455968
-88.115,16.335,801.929973920156
-88.045,16.335,NA
-87.975,16.335,NA
-87.905,16.335,NA
-87.835,16.335,NA
-87.765,16.335,NA
-87.695,16.335,NA
-87.625,16.335,NA
-87.555,16.335,NA
-87.485,16.335,NA
-87.415,16.335,NA
-88.465,16.265,24.260000440812
-88.395,16.265,74.5175015131611
-88.325,16.265,52.4324989318842
-88.255,16.265,29.5275003645126
-88.185,16.265,866.807523091547
-88.115,16.265,NA
-88.045,16.265,NA
-87.975,16.265,NA
-87.905,16.265,NA
-87.835,16.265,NA
-87.765,16.265,NA
-87.695,16.265,NA
-87.625,16.265,NA
-87.555,16.265,NA
-87.485,16.265,NA
-87.415,16.265,NA
-88.465,16.195,42.3000018596657
-88.395,16.195,222.585002899161
-88.325,16.195,196.537500321867
-88.255,16.195,280.049990336124
-88.185,16.195,60.2999992370605
-88.115,16.195,NA
-88.045,16.195,NA
-87.975,16.195,NA
-87.905,16.195,NA
-87.835,16.195,NA
-87.765,16.195,NA
-87.695,16.195,NA
-87.625,16.195,NA
-87.555,16.195,NA
-87.485,16.195,NA
-87.415,16.195,NA
-88.465,16.125,0.735000004370865
-88.395,16.125,282.579993777799
-88.325,16.125,227.895005544028
-88.255,16.125,228.330006334536
-88.185,16.125,NA
-88.115,16.125,NA
-88.045,16.125,NA
-87.975,16.125,NA
-87.905,16.125,NA
-87.835,16.125,NA
-87.765,16.125,NA
-87.695,16.125,NA
-87.625,16.125,NA
-87.555,16.125,NA
-87.485,16.125,NA
-87.415,16.125,NA
-88.465,16.055,NA
-88.395,16.055,149.850006103516
-88.325,16.055,154.357495625816
-88.255,16.055,NA
-88.185,16.055,NA
-88.115,16.055,NA
-88.045,16.055,NA
-87.975,16.055,NA
-87.905,16.055,NA
-87.835,16.055,NA
-87.765,16.055,NA
-87.695,16.055,NA
-87.625,16.055,NA
-87.555,16.055,NA
-87.485,16.055,NA
-87.415,16.055,NA
-88.465,15.985,NA
-88.395,15.985,NA
-88.325,15.985,NA
-88.255,15.985,NA
-88.185,15.985,NA
-88.115,15.985,NA
-88.045,15.985,NA
-87.975,15.985,NA
-87.905,15.985,NA
-87.835,15.985,NA
-87.765,15.985,NA
-87.695,15.985,NA
-87.625,15.985,NA
-87.555,15.985,NA
-87.485,15.985,NA
-87.415,15.985,NA
